{"indexes":[{"v":{"$numberInt":"2"},"key":{"_id":{"$numberInt":"1"}},"name":"_id_"},{"v":{"$numberInt":"2"},"key":{"listing":{"$numberInt":"1"},"startDate":{"$numberInt":"1"},"endDate":{"$numberInt":"1"}},"name":"listing_1_startDate_1_endDate_1","background":true},{"v":{"$numberInt":"2"},"key":{"guest":{"$numberInt":"1"},"status":{"$numberInt":"1"}},"name":"guest_1_status_1","background":true},{"v":{"$numberInt":"2"},"key":{"host":{"$numberInt":"1"},"status":{"$numberInt":"1"}},"name":"host_1_status_1","background":true},{"v":{"$numberInt":"2"},"key":{"status":{"$numberInt":"1"},"startDate":{"$numberInt":"1"}},"name":"status_1_startDate_1","background":true},{"v":{"$numberInt":"2"},"key":{"payment.status":{"$numberInt":"1"}},"name":"payment.status_1","background":true},{"v":{"$numberInt":"2"},"key":{"createdAt":{"$numberInt":"-1"}},"name":"createdAt_-1","background":true}],"uuid":"22f7f27236f14030a3fab95d605ffbbe","collectionName":"bookings","type":"collection"}