{"indexes":[{"v":{"$numberInt":"2"},"key":{"_id":{"$numberInt":"1"}},"name":"_id_"},{"v":{"$numberInt":"2"},"key":{"slug":{"$numberInt":"1"}},"name":"slug_1","background":true,"unique":true},{"v":{"$numberInt":"2"},"key":{"location":"2dsphere"},"name":"location_2dsphere","background":true,"2dsphereIndexVersion":{"$numberInt":"3"}},{"v":{"$numberInt":"2"},"key":{"category":{"$numberInt":"1"},"subcategory":{"$numberInt":"1"}},"name":"category_1_subcategory_1","background":true},{"v":{"$numberInt":"2"},"key":{"pricing.basePrice":{"$numberInt":"1"}},"name":"pricing.basePrice_1","background":true},{"v":{"$numberInt":"2"},"key":{"status":{"$numberInt":"1"}},"name":"status_1","background":true},{"v":{"$numberInt":"2"},"key":{"featured":{"$numberInt":"-1"},"createdAt":{"$numberInt":"-1"}},"name":"featured_-1_createdAt_-1","background":true},{"v":{"$numberInt":"2"},"key":{"stats.averageRating":{"$numberInt":"-1"}},"name":"stats.averageRating_-1","background":true},{"v":{"$numberInt":"2"},"key":{"host":{"$numberInt":"1"}},"name":"host_1","background":true}],"uuid":"cbc00d4b548b41699dd40247ada9dbeb","collectionName":"listings","type":"collection"}