{"indexes":[{"v":{"$numberInt":"2"},"key":{"_id":{"$numberInt":"1"}},"name":"_id_"},{"v":{"$numberInt":"2"},"key":{"conversation":{"$numberInt":"1"},"createdAt":{"$numberInt":"-1"}},"name":"conversation_1_createdAt_-1","background":true},{"v":{"$numberInt":"2"},"key":{"sender":{"$numberInt":"1"},"createdAt":{"$numberInt":"-1"}},"name":"sender_1_createdAt_-1","background":true},{"v":{"$numberInt":"2"},"key":{"readBy.user":{"$numberInt":"1"}},"name":"readBy.user_1","background":true},{"v":{"$numberInt":"2"},"key":{"type":{"$numberInt":"1"}},"name":"type_1","background":true}],"uuid":"b605392e1f9847a7947a4d55d8473859","collectionName":"messages","type":"collection"}