{"indexes":[{"v":{"$numberInt":"2"},"key":{"_id":{"$numberInt":"1"}},"name":"_id_"},{"v":{"$numberInt":"2"},"key":{"recipient":{"$numberInt":"1"}},"name":"recipient_1","background":true},{"v":{"$numberInt":"2"},"key":{"type":{"$numberInt":"1"}},"name":"type_1","background":true},{"v":{"$numberInt":"2"},"key":{"isRead":{"$numberInt":"1"}},"name":"isRead_1","background":true},{"v":{"$numberInt":"2"},"key":{"recipient":{"$numberInt":"1"},"isRead":{"$numberInt":"1"},"createdAt":{"$numberInt":"-1"}},"name":"recipient_1_isRead_1_createdAt_-1","background":true},{"v":{"$numberInt":"2"},"key":{"recipient":{"$numberInt":"1"},"type":{"$numberInt":"1"},"createdAt":{"$numberInt":"-1"}},"name":"recipient_1_type_1_createdAt_-1","background":true},{"v":{"$numberInt":"2"},"key":{"createdAt":{"$numberInt":"-1"}},"name":"createdAt_-1","background":true},{"v":{"$numberInt":"2"},"key":{"expiresAt":{"$numberInt":"1"}},"name":"expiresAt_1","background":true,"expireAfterSeconds":{"$numberInt":"0"}}],"uuid":"224123da94ed483fb583d4558b63989b","collectionName":"notifications","type":"collection"}