{"indexes":[{"v":{"$numberInt":"2"},"key":{"_id":{"$numberInt":"1"}},"name":"_id_"},{"v":{"$numberInt":"2"},"key":{"host":{"$numberInt":"1"}},"name":"host_1","background":true},{"v":{"$numberInt":"2"},"key":{"status":{"$numberInt":"1"}},"name":"status_1","background":true},{"v":{"$numberInt":"2"},"key":{"requestedAt":{"$numberInt":"1"}},"name":"requestedAt_1","background":true},{"v":{"$numberInt":"2"},"key":{"host":{"$numberInt":"1"},"status":{"$numberInt":"1"}},"name":"host_1_status_1","background":true},{"v":{"$numberInt":"2"},"key":{"requestedAt":{"$numberInt":"-1"}},"name":"requestedAt_-1","background":true},{"v":{"$numberInt":"2"},"key":{"status":{"$numberInt":"1"},"createdAt":{"$numberInt":"-1"}},"name":"status_1_createdAt_-1","background":true}],"uuid":"eae5bd1c7a5946a399598580cbaa1e30","collectionName":"payouts","type":"collection"}