{"indexes":[{"v":{"$numberInt":"2"},"key":{"_id":{"$numberInt":"1"}},"name":"_id_"},{"v":{"$numberInt":"2"},"key":{"listing":{"$numberInt":"1"},"publishedAt":{"$numberInt":"-1"}},"name":"listing_1_publishedAt_-1","background":true},{"v":{"$numberInt":"2"},"key":{"reviewer":{"$numberInt":"1"},"createdAt":{"$numberInt":"-1"}},"name":"reviewer_1_createdAt_-1","background":true},{"v":{"$numberInt":"2"},"key":{"reviewee":{"$numberInt":"1"},"type":{"$numberInt":"1"}},"name":"reviewee_1_type_1","background":true},{"v":{"$numberInt":"2"},"key":{"booking":{"$numberInt":"1"}},"name":"booking_1","background":true},{"v":{"$numberInt":"2"},"key":{"status":{"$numberInt":"1"}},"name":"status_1","background":true},{"v":{"$numberInt":"2"},"key":{"rating.overall":{"$numberInt":"-1"}},"name":"rating.overall_-1","background":true},{"v":{"$numberInt":"2"},"key":{"booking":{"$numberInt":"1"},"reviewer":{"$numberInt":"1"},"type":{"$numberInt":"1"}},"name":"booking_1_reviewer_1_type_1","background":true,"unique":true}],"uuid":"7ba4d21e3e804faf824edd16c5f201ff","collectionName":"reviews","type":"collection"}