{"indexes":[{"v":{"$numberInt":"2"},"key":{"_id":{"$numberInt":"1"}},"name":"_id_"},{"v":{"$numberInt":"2"},"key":{"email":{"$numberInt":"1"}},"name":"email_1","background":true,"unique":true},{"v":{"$numberInt":"2"},"key":{"location":"2dsphere"},"name":"location_2dsphere","background":true,"2dsphereIndexVersion":{"$numberInt":"3"}},{"v":{"$numberInt":"2"},"key":{"stats.averageRating":{"$numberInt":"-1"}},"name":"stats.averageRating_-1","background":true},{"v":{"$numberInt":"2"},"key":{"createdAt":{"$numberInt":"-1"}},"name":"createdAt_-1","background":true}],"uuid":"ab26dac325a047478369876c6c5240b8","collectionName":"users","type":"collection"}